Dataset,Seed,Raw,Repair_Only,Fixed_80_20,Random_Uniform,Permuted_Trust,Dynamic_CART,Mask_Oracle,MeanTrust_Clean,MeanTrust_Corrupt
Adult,42,80.08549528301887,77.66804245283019,80.4245283018868,80.08549528301887,80.24764150943396,81.88384433962264,83.53478773584906,0.77963316,0.21826257
Adult,123,78.93573113207547,80.39504716981132,80.24764150943396,80.52771226415094,80.46875,82.37028301886792,81.63325471698113,0.78078794,0.22208394
Adult,2024,79.46639150943396,77.24056603773585,79.92334905660378,79.58431603773585,79.74646226415094,81.83962264150944,82.88620283018868,0.78271425,0.22744298
HELOC,42,69.13333333333334,50.46666666666667,69.13333333333334,65.86666666666666,66.46666666666667,71.0,72.39999999999999,0.73290455,0.26339036
HELOC,123,64.60000000000001,50.06666666666667,65.33333333333333,58.46666666666667,64.93333333333334,70.66666666666667,68.46666666666667,0.744692,0.27255112
HELOC,2024,58.199999999999996,50.46666666666667,69.0,61.266666666666666,67.93333333333334,71.6,56.2,0.7193272,0.28375134
Higgs,42,59.93333333333334,56.81333333333334,60.89333333333333,56.56,57.56,67.73333333333333,64.78666666666668,0.69827616,0.30550185
Higgs,123,59.45333333333333,46.82666666666667,62.160000000000004,57.199999999999996,59.42666666666667,67.92,59.84,0.6867249,0.29886433
Higgs,2024,53.946666666666665,54.626666666666665,58.02666666666667,55.02666666666667,55.53333333333333,68.25333333333333,58.56,0.6883825,0.30014947
Bank,42,88.04187555293423,86.96549690356828,88.07136537894426,87.92391624889413,88.36626363904453,88.94131524624005,88.02713063992923,0.7421366,0.25374997
Bank,123,88.02713063992923,88.02713063992923,88.02713063992923,88.45473311707461,88.15983485697434,88.97080507225007,88.02713063992923,0.75247216,0.26839277
Bank,2024,88.02713063992923,87.59952816278384,88.14508994396934,87.95340607490417,88.07136537894426,88.91182542023002,88.05662046593925,0.7509199,0.2604118
Credit,42,77.42222222222223,77.71111111111111,79.13333333333334,79.73333333333333,78.66666666666666,81.22222222222221,81.73333333333333,0.87843066,0.15726721
Credit,123,78.71111111111111,77.71111111111111,79.15555555555555,79.53333333333333,78.75555555555556,80.91111111111111,81.86666666666666,0.85967773,0.15531743
Credit,2024,78.84444444444443,77.77777777777779,79.35555555555555,78.93333333333334,78.71111111111111,81.13333333333334,78.42222222222223,0.8366414,0.16167517
Churn,42,86.93333333333332,83.06666666666666,86.93333333333332,85.6,85.6,90.66666666666666,86.93333333333332,0.6453572,0.37249258
Churn,123,86.93333333333332,20.266666666666666,86.93333333333332,85.06666666666666,85.86666666666667,91.06666666666666,86.93333333333332,0.6489028,0.36468273
Churn,2024,86.93333333333332,72.39999999999999,86.93333333333332,86.8,87.6,89.46666666666667,86.93333333333332,0.6124325,0.36289367
Diabetes,42,72.41379310344827,65.51724137931035,71.55172413793103,66.37931034482759,68.96551724137932,71.55172413793103,76.72413793103449,0.5530592,0.43241638
Diabetes,123,67.24137931034483,34.48275862068966,70.6896551724138,58.620689655172406,71.55172413793103,74.13793103448276,65.51724137931035,0.55500305,0.37118763
Diabetes,2024,73.27586206896551,34.48275862068966,74.13793103448276,69.82758620689656,68.96551724137932,76.72413793103449,75.86206896551724,0.6133601,0.39738983
Magic,42,65.15948124780932,35.15597616543989,68.87486855941115,62.60077111812128,78.51384507535927,82.5446898002103,65.15948124780932,0.7133349,0.25438026
Magic,123,64.84402383456012,35.15597616543989,68.83981773571679,56.817385208552395,78.93445495969156,83.0354013319313,64.84402383456012,0.7095572,0.25478476
Magic,2024,66.24605678233438,35.15597616543989,71.53873116018227,59.97195934104451,79.1447599018577,83.00035050823695,66.63161584297231,0.7156742,0.270201
