Dataset,Model,Clean_Acc,Clean_Acc,Acc_20,Acc_20,NR_AUC,NR_AUC,Cell_AUROC,Cell_AUROC,Cell_AUPRC,Cell_AUPRC,Num_Rep_MAE,Num_Rep_MAE,Cat_Rep_Acc,Cat_Rep_Acc
,,mean,std,mean,std,mean,std,mean,std,mean,std,mean,std,mean,std
Adult,CART-v8-Dyn-30ep,83.40212264150944,0.21714209703208015,81.61360062893083,0.2256478479403527,80.76945754716981,0.1437261882045799,0.9166161186118655,0.0013256190273401767,0.9763084840135869,0.00021881265887249476,0.5514444045886165,0.02902765777368647,69.61719566294907,0.8778137085133906
Adult,CART-v8-Dynamic,83.75589622641509,0.10318396226414654,82.03125,0.2944425759940754,80.97582547169812,0.05949421011382867,0.9264904221215179,4.0288753457853906e-05,0.9794121084063759,0.00011135396867123481,0.5360371831539734,0.009002340468157946,70.81802167481675,0.4251020055455183
Adult,CART-v8-Fixed20,83.15153301886791,0.3137352101089807,81.43671383647798,0.22371368785048099,80.483981918239,0.07529721994689596,0.9232609289783351,0.0011486595909663345,0.9784391071554132,0.00046704712621981433,0.5341216158246039,0.013367516653309775,70.77832421229856,0.3509141368934706
Adult,CatBoost-Aug,83.88856132075472,0.12850527545815238,81.64308176100629,0.21378056129920514,80.74832940251572,0.040592353679875015,,,,,,,,
Adult,FT-Transformer-Aug-80ep,83.62814465408805,0.05580688232901208,81.53498427672956,0.3617700498073948,80.5213246855346,0.18875024767129892,,,,,,,,
Adult,MLP-Aug-80ep,82.35554245283019,0.5005285037249338,78.83746069182389,0.49711634708891017,77.7122641509434,0.2029118024290727,,,,,,,,
Adult,QuAIL-Aug-80ep,82.45381289308176,0.3407377839541208,79.25019654088051,0.1676368131803423,78.38934748427674,0.15233740888111386,,,,,,,,
Adult,XGBoost-Aug,83.85416666666667,0.11063610700862737,81.07311320754717,0.16999650051107615,80.1749213836478,0.0872354286723602,,,,,,,,
Bank,CART-v8-Dyn-30ep,89.5114518824339,0.045046453307346336,88.87742062321831,0.06810383594099452,88.63806153543693,0.1292375713519133,0.8910479725010078,0.003449363760729338,0.9666645347818038,0.0012579428168199953,0.5475854836238412,0.0040377258277778634,69.11472143016074,0.6047110409452691
Bank,CART-v8-Dynamic,89.68347586749239,0.13936348057365133,88.94131524624004,0.0294898260100247,88.66165339624496,0.03935354393215828,0.9012359416773322,0.0006849555703270998,0.9702751577911841,0.00010731462664063994,0.5311894166994908,0.004871126979187543,69.99264917559105,0.6947243809175697
Bank,CART-v8-Fixed20,89.55568662144894,0.03069398406762505,88.95114518824339,0.2332929182405512,88.39821095055538,0.17919973487731627,0.8990508074665927,0.0007482586170583463,0.969373745409634,0.0003909082846301987,0.5299190714029742,0.009019161418380328,69.81329194535837,0.2538919520717366
Bank,CatBoost-Aug,89.74245551951242,0.14915945056024696,89.00520986926176,0.23836342579341413,88.47488449818145,0.15077589819388976,,,,,,,,
Bank,FT-Transformer-Aug-80ep,89.57534650545563,0.22699505040313533,89.00520986926176,0.14769467415037615,88.3967364592549,0.093048851935427,,,,,,,,
Bank,MLP-Aug-80ep,89.14774402831023,0.13105565345496178,87.25056522166521,0.465419467262763,86.46810183819916,0.614281522968505,,,,,,,,
Bank,QuAIL-Aug-80ep,89.59992136046397,0.03069398406761822,88.14508994396932,0.3486166445749641,87.614764572889,0.3050890802375867,,,,,,,,
Bank,XGBoost-Aug,89.87515973655756,0.12009035410272857,88.7791212031849,0.09668886057655633,88.23798289590091,0.23251657211945564,,,,,,,,
Churn,CART-v8-Dyn-30ep,87.15555555555555,0.3849001794597512,86.93333333333332,0.0,87.12,0.3005180711889319,0.7516033470555774,0.009215719718208736,0.9070699695880614,0.0056668349199873345,0.8157301896084506,0.024074865394038743,68.72801364547989,1.4247404359229268
Churn,CART-v8-Dynamic,92.75555555555555,0.30792014356779934,90.39999999999999,0.8326663997864471,89.89777777777778,0.35209426347267925,0.7884451226161292,0.009236968313964483,0.9250556818827306,0.005469897023517539,0.60456087872975,0.015254734267793519,68.40002716195049,1.417287861161685
Churn,CART-v8-Fixed20,91.73333333333333,0.2666666666666657,89.60000000000001,0.3527668414752822,89.11555555555556,0.4815407370944657,0.798818218739647,0.01798839207139689,0.9298256710754554,0.007665271198923875,0.6905134047609477,0.09725840762549177,68.18742347194443,1.5512368136604089
Churn,CatBoost-Aug,92.8,0.23094010767585463,89.5111111111111,0.6158402871355987,88.44,0.11623730516108895,,,,,,,,
Churn,FT-Transformer-Aug-80ep,91.68888888888888,0.5388602512436486,89.02222222222223,1.8102588315036727,88.2622222222222,1.4972171717086589,,,,,,,,
Churn,MLP-Aug-80ep,91.68888888888888,0.4682512779045677,86.66666666666667,0.7423685817106711,85.93777777777778,0.656229408848045,,,,,,,,
Churn,QuAIL-Aug-80ep,92.44444444444444,1.3154354299509987,88.84444444444445,0.27755546659549024,87.37333333333333,0.6601010023726132,,,,,,,,
Churn,XGBoost-Aug,93.11111111111113,0.15396007178389967,89.06666666666666,0.23094010767585463,88.45333333333332,0.1702286044640493,,,,,,,,
Credit,CART-v8-Dyn-30ep,81.65925925925926,0.45668333753475937,80.76296296296296,0.18098950700548633,80.54888888888888,0.1426902022815914,0.938529705519855,0.004340011465698033,0.9797144095753322,0.0021794260865232434,0.42618790137193113,0.007223173744102804,,
Credit,CART-v8-Dynamic,81.74074074074075,0.1479628470773172,81.08888888888889,0.16024672335395254,80.71333333333332,0.06888888888888477,0.9627476938824179,0.004159694081217397,0.9878745424761212,0.0014829686901122968,0.39642220900585684,0.005707845857552197,,
Credit,CART-v8-Fixed20,81.52592592592593,0.21923923832517236,81.00740740740741,0.31920683594689075,80.58296296296295,0.21947561897646134,0.9588536383472777,0.0021780596977706034,0.9866006964589186,0.0007692171488868551,0.39580738241347907,0.006502160349512342,,
Credit,CatBoost-Aug,81.65185185185186,0.19917525421851254,81.05185185185185,0.19159284676114682,80.79703703703704,0.17365118056117101,,,,,,,,
Credit,FT-Transformer-Aug-80ep,81.77777777777777,0.038490017945973884,80.64444444444445,0.08012336167698021,80.36074074074075,0.20372255804999523,,,,,,,,
Credit,MLP-Aug-80ep,80.48888888888888,0.5966987369821152,79.02962962962964,0.38254078025704774,78.42518518518519,0.2776651623571567,,,,,,,,
Credit,QuAIL-Aug-80ep,81.62222222222222,0.16024672335395992,80.47407407407407,0.16380255101849234,79.97925925925927,0.12357500513050716,,,,,,,,
Credit,XGBoost-Aug,81.71851851851852,0.12636090451282758,80.71111111111111,0.34712220781808006,80.3725925925926,0.24668001298560419,,,,,,,,
Diabetes,CART-v8-Dyn-30ep,67.24137931034483,7.900992577510068,66.37931034482759,5.6529642450879285,65.83333333333333,5.136609796948156,0.5926205702562908,0.011046064970823888,0.8316715814164878,0.009794029107619485,0.8552488723649243,0.09383092266909485,,
Diabetes,CART-v8-Dynamic,77.29885057471263,3.263740428620842,74.13793103448276,2.586206896551733,71.83908045977012,1.9739936201834098,0.7235566389937588,0.04899817584612377,0.8877854927665604,0.028623275483571773,0.8318952136786026,0.08383871652115885,,
Diabetes,CART-v8-Fixed20,76.4367816091954,1.9908629972056116,74.71264367816092,4.073978988148803,71.35057471264368,1.5715527487213021,0.7657536737077764,0.023525471576968892,0.9124930816235057,0.0144633621139297,0.8095531117351923,0.07853116330414932,,
Diabetes,CatBoost-Aug,73.85057471264368,1.3168320962516775,71.83908045977012,4.0739789881487996,70.20114942528737,1.0778735249144265,,,,,,,,
Diabetes,FT-Transformer-Aug-80ep,75.28735632183908,1.3168320962516853,74.13793103448275,1.4931472479042076,71.00574712643679,0.2771164011779588,,,,,,,,
Diabetes,MLP-Aug-80ep,74.13793103448275,2.986294495808402,72.41379310344827,4.799796864508637,69.25287356321839,2.5866857794178917,,,,,,,,
Diabetes,QuAIL-Aug-80ep,75.57471264367815,2.7711640117795935,73.27586206896552,3.448275862068966,71.78160919540231,0.696802049021967,,,,,,,,
Diabetes,XGBoost-Aug,72.12643678160919,1.3168320962516717,69.25287356321839,2.6336641925033604,68.41954022988506,1.0284787452973183,,,,,,,,
HELOC,CART-v8-Dyn-30ep,72.0,0.4163331998932231,70.24444444444445,0.5178302310102646,69.82000000000001,0.20231987873991242,0.8377630418579879,0.007584777570015843,0.941570217986793,0.001334844242881316,0.481444931644311,0.009644343431389141,,
HELOC,CART-v8-Dynamic,72.44444444444444,0.407340061773851,71.08888888888889,0.47297325897316667,70.39333333333333,0.15874507866387205,0.8838681061837897,0.007696099303347407,0.9585967109130987,0.002555875535601183,0.43030668148372886,0.004447023509528584,,
HELOC,CART-v8-Fixed20,72.44444444444444,0.39063101847215354,71.4,0.9614803401237311,69.74666666666667,0.7368702584429406,0.8773163761767496,0.00224833437568019,0.9558280253539859,0.0017715270212439456,0.42982328508894607,0.0045184681604739,,
HELOC,CatBoost-Aug,72.86666666666666,0.3055050463303987,70.46666666666665,0.768837506311391,69.93777777777778,0.32127062550880603,,,,,,,,
HELOC,FT-Transformer-Aug-80ep,72.60000000000001,0.4055175020198851,71.46666666666665,0.4371625682868115,70.10222222222222,0.6672108889776585,,,,,,,,
HELOC,MLP-Aug-80ep,69.28888888888889,1.3001424423386605,65.08888888888889,1.5907137927265098,65.18666666666667,0.6809144178561983,,,,,,,,
HELOC,QuAIL-Aug-80ep,71.8888888888889,0.7128451081042443,69.35555555555555,0.5429685210164688,68.15777777777778,0.4546223503980916,,,,,,,,
HELOC,XGBoost-Aug,72.60000000000001,0.3527668414752755,69.44444444444444,0.8146801235477117,69.04666666666667,0.3474350458878827,,,,,,,,
Higgs,CART-v8-Dyn-30ep,70.60000000000001,0.4895349266849538,67.28444444444445,0.36620172542426804,66.16888888888889,0.2847106393307938,0.8323811010881411,0.0006573370130239336,0.9423436941885454,0.0006123473318479431,0.6715037049713457,0.004311562370151365,,
Higgs,CART-v8-Dynamic,71.34222222222222,0.26477104015300107,67.96888888888888,0.26342473800422095,66.89733333333334,0.18272505149662832,0.8435810276702763,0.0009932528475571703,0.9468473587432052,0.000730815260871441,0.6475536718204241,0.003101439427595829,,
Higgs,CART-v8-Fixed20,71.15555555555555,0.43498829273304557,67.8488888888889,0.15794982794593485,66.53866666666666,0.34597880474581333,0.843877741273633,0.0022370599656860615,0.9463822655172166,0.0018290839520083422,0.6526788373560567,0.005497054948455659,,
Higgs,CatBoost-Aug,71.12444444444445,0.40184758488944766,67.25333333333333,0.32441400161590084,66.2977777777778,0.15488681650136163,,,,,,,,
Higgs,FT-Transformer-Aug-80ep,70.5111111111111,0.16988013203213895,66.83111111111111,0.20756078984596696,65.66177777777779,0.07452764836199993,,,,,,,,
Higgs,MLP-Aug-80ep,67.65333333333335,0.31012542265634296,62.68000000000001,0.586666666666666,61.919111111111114,0.2067154064390461,,,,,,,,
Higgs,QuAIL-Aug-80ep,69.95555555555556,0.3127891255095576,65.83999999999999,0.2948445918332816,64.80222222222223,0.440457001727032,,,,,,,,
Higgs,XGBoost-Aug,70.78222222222222,0.21430335024429395,66.60888888888888,0.7915479443142791,65.63377777777778,0.16354589343440581,,,,,,,,
Magic,CART-v8-Dyn-30ep,84.9515130272228,0.23337988498000126,81.29454375511158,0.3062353644603558,79.64248159831756,0.2944477818789684,0.8454947346196571,0.0065486772409768254,0.940058164276849,0.003168899730023438,0.5012123576481999,0.009688632901117539,,
Magic,CART-v8-Dynamic,86.45869844608016,0.7355107248761343,82.86014721345951,0.2737556843991116,80.60053744596331,0.16597715450826767,0.8756325107572668,0.002316033122931448,0.9536704881280106,9.924668720576645e-05,0.47421894844996704,0.0035445545731044156,,
Magic,CART-v8-Fixed20,85.20855240098143,0.8242534886999571,81.97219301320247,0.24618889479735215,80.00467344315926,0.31193920295422883,0.8697311231601464,0.003291617786792512,0.9514202447924127,0.0010007192243007724,0.47292191500005815,0.010039200857208995,,
Magic,CatBoost-Aug,86.10819020913658,0.19304488423716049,81.70347003154575,0.4391855620799746,80.07944853370721,0.3076961933833013,,,,,,,,
Magic,FT-Transformer-Aug-80ep,85.53569342212876,0.5784270963657682,81.21275849982474,0.10515247108307335,79.55018109592241,0.15774168787697487,,,,,,,,
Magic,MLP-Aug-80ep,85.61747867741559,0.2583636451395692,80.39490594695643,0.6174651366619356,78.66573197803481,0.27979984595944063,,,,,,,,
Magic,QuAIL-Aug-80ep,85.41885734314756,0.28040658955485753,80.97908634186236,0.4438233418208374,78.9589905362776,0.24011732994678173,,,,,,,,
Magic,XGBoost-Aug,86.13155742493281,0.12309444739867684,81.83198971842505,0.5589846343687582,79.97429606262413,0.20516961051733068,,,,,,,,
