Dataset,Seed,Model,Clean_Acc,Acc_20,NR_AUC,Cell_AUROC,Cell_AUPRC,Num_Rep_MAE,Cat_Rep_Acc
Adult,42,CatBoost-on-DAE,83.06308962264151,80.94044811320755,80.33903301886792,0.9195241794499397,0.9761291218847824,0.6539933658748187,49.25683528044529
Adult,42,VAE-E2E,84.28655660377359,81.75117924528303,81.07458726415095,0.9020192979877234,0.9704729388616836,0.6155995587959765,54.03388586457887
Adult,42,TabAE-E2E,83.40212264150944,81.35318396226415,80.53360849056604,0.9194158690850361,0.9767813685344893,0.6840504753353486,50.07645727567436
Adult,42,CART-v8-Fixed20,83.09257075471697,81.39740566037736,80.41126179245282,0.9221007395247549,0.9779706385375929,0.5282328655329681,70.38962627683651
Adult,42,CART-v8-Dynamic,83.68219339622641,81.88384433962264,80.90949292452831,0.9265350271840451,0.979309410011905,0.5301373776319004,70.33457703835097
Adult,42,CART-v8-Dyn-30ep,83.53478773584906,81.73643867924528,80.91391509433961,0.9163512862507679,0.9761721922341389,0.5340367161169353,68.60358431708362
Adult,123,CatBoost-on-DAE,83.84433962264151,81.88384433962264,80.5586674528302,0.9173687966265404,0.9757668167638387,0.6528955748927435,47.48205889631279
Adult,123,VAE-E2E,84.21285377358491,82.09021226415094,81.02446933962264,0.903827249447286,0.9716173253634135,0.61677940604613,54.243999010146005
Adult,123,TabAE-E2E,83.41686320754717,81.89858490566037,80.66774764150942,0.9197298401673264,0.977259733830644,0.6524689187006325,49.65973768869092
Adult,123,CART-v8-Fixed20,82.87146226415094,81.67747641509435,80.56161556603773,0.924397700613008,0.9789047196908235,0.5494224656488478,70.87354615194259
Adult,123,CART-v8-Dynamic,83.71167452830188,82.37028301886792,80.9935141509434,0.9264795640191561,0.9795304612316375,0.5463989922154108,71.13338282603317
Adult,123,CART-v8-Dyn-30ep,83.15153301886792,81.75117924528303,80.62647405660377,0.9154429071000636,0.9761923817206223,0.584954179614914,70.12496906706261
Adult,2024,CatBoost-on-DAE,83.5495283018868,81.39740566037736,80.5689858490566,0.919319646159704,0.9762916002677593,0.6487795671970724,47.6954153149293
Adult,2024,VAE-E2E,83.87382075471697,81.47110849056604,80.76503537735849,0.9047456612160926,0.9715503210439967,0.6100467366280315,55.095794821570664
Adult,2024,TabAE-E2E,83.15153301886792,80.95518867924528,80.28891509433963,0.9200371558198412,0.9772776729244623,0.6904559608843687,50.266266756442434
Adult,2024,CART-v8-Fixed20,83.49056603773585,81.23525943396226,80.47906839622641,0.9232843467972423,0.9784419632378231,0.5247095162919957,71.07180020811654
Adult,2024,CART-v8-Dynamic,83.87382075471697,81.83962264150944,81.02446933962264,0.9264566751613523,0.9793964539755855,0.5315751796146091,70.9861051600661
Adult,2024,CART-v8-Dyn-30ep,83.52004716981132,81.35318396226415,80.76798349056604,0.9180541624847649,0.9765608780859995,0.5353423180340006,70.12303360470099
HELOC,42,CatBoost-on-DAE,72.0,69.19999999999999,67.86666666666666,0.8618837559694442,0.9414375402197204,0.49331460128152105,
HELOC,42,VAE-E2E,71.93333333333334,70.26666666666667,69.20666666666666,0.831636186634527,0.9326175393062751,0.4848775291756627,
HELOC,42,TabAE-E2E,72.66666666666667,71.66666666666667,69.84,0.8764684654001169,0.9521125279539133,0.5716761113710604,
HELOC,42,CART-v8-Fixed20,72.6,70.33333333333334,68.92666666666668,0.8786038945371217,0.9558651051680778,0.42916709930707436,
HELOC,42,CART-v8-Dynamic,72.53333333333333,71.0,70.45333333333333,0.8876437127847739,0.9595729035944933,0.4352339454629201,
HELOC,42,CART-v8-Dyn-30ep,72.46666666666667,70.66666666666667,69.92666666666668,0.8459633700385639,0.9429590073151111,0.4925811206240887,
HELOC,123,CatBoost-on-DAE,71.6,69.39999999999999,68.68,0.8575736771885898,0.9401498718356248,0.49062817843455186,
HELOC,123,VAE-E2E,72.06666666666666,70.26666666666667,69.47333333333333,0.8219727400518644,0.9258364357584725,0.4757430627211085,
HELOC,123,TabAE-E2E,72.26666666666667,69.53333333333333,69.25333333333333,0.8715554881516587,0.9514520635520531,0.5660411630306604,
HELOC,123,CART-v8-Fixed20,72.0,71.66666666666667,69.96000000000001,0.874720251810784,0.9540382494935624,0.4346339687131486,
HELOC,123,CART-v8-Dynamic,72.0,70.66666666666667,70.21333333333334,0.8889472635249933,0.9605206232042431,0.426591022995283,
HELOC,123,CART-v8-Dyn-30ep,71.86666666666667,70.39999999999999,69.94666666666667,0.8363264869891799,0.9402968092434306,0.4759251225309552,
HELOC,2024,CatBoost-on-DAE,72.26666666666667,70.66666666666667,68.68666666666667,0.8547658649217323,0.9399636521209909,0.4805402729400794,
HELOC,2024,VAE-E2E,71.6,69.19999999999999,68.68,0.8192897048251223,0.9284940680492608,0.48419520005597483,
HELOC,2024,TabAE-E2E,72.26666666666667,72.0,70.00666666666667,0.8727549607358047,0.9517925787353272,0.5368768177576758,
HELOC,2024,CART-v8-Fixed20,72.73333333333333,72.2,70.35333333333332,0.878624982182343,0.9575807214003177,0.42566878724661517,
HELOC,2024,CART-v8-Dynamic,72.8,71.6,70.51333333333334,0.8750133422416019,0.9556966059405599,0.42909507599298335,
HELOC,2024,CART-v8-Dyn-30ep,71.66666666666667,69.66666666666667,69.58666666666667,0.8309992685462199,0.9414548374018372,0.47582855177788913,
Higgs,42,CatBoost-on-DAE,69.88,66.0,64.89466666666667,0.7862970354309172,0.9075265894265836,0.6960944186706091,
Higgs,42,VAE-E2E,71.54666666666667,66.42666666666666,65.27066666666667,0.7462470193412183,0.8944797640395837,0.7357526715082932,
Higgs,42,TabAE-E2E,70.22666666666667,66.24,65.036,0.8518766469722987,0.9494159583578416,0.7190417513143753,
Higgs,42,CART-v8-Fixed20,71.41333333333333,67.93333333333334,66.77333333333334,0.8437973651506295,0.9469469130518279,0.6478655831398196,
Higgs,42,CART-v8-Dynamic,71.45333333333333,67.73333333333333,66.90266666666666,0.8443562611901185,0.9473738827323919,0.6447161795799993,
Higgs,42,CART-v8-Dyn-30ep,70.81333333333333,67.09333333333333,66.10933333333332,0.8330578071541841,0.9429786762834782,0.6665825034913241,
Higgs,123,CatBoost-on-DAE,70.16,65.53333333333333,64.84266666666666,0.7838876943304491,0.9064565896447172,0.7016150927058815,
Higgs,123,VAE-E2E,71.56,65.62666666666667,64.92266666666667,0.7426047953469687,0.8927306679862574,0.7354484933112387,
Higgs,123,TabAE-E2E,70.17333333333333,66.28,65.03066666666666,0.849368187227072,0.9489431435855343,0.7275189999032982,
Higgs,123,CART-v8-Fixed20,70.65333333333334,67.66666666666666,66.14133333333332,0.8461539060902048,0.9478624479129463,0.6515018837138993,
Higgs,123,CART-v8-Dynamic,71.04,67.92,66.712,0.8439254020041982,0.9471552099704259,0.6470802221626599,
Higgs,123,CART-v8-Dyn-30ep,70.04,67.05333333333333,65.91866666666667,0.8317450172642586,0.9417568194757291,0.6733116939841566,
Higgs,2024,CatBoost-on-DAE,70.32000000000001,65.77333333333333,65.096,0.7872478578259472,0.9071506013334948,0.7031199536669702,
Higgs,2024,VAE-E2E,71.57333333333334,66.37333333333333,65.10266666666666,0.7463743824617929,0.8935788216604469,0.7364829557053049,
Higgs,2024,TabAE-E2E,70.64,66.75999999999999,65.87466666666667,0.8502125610678806,0.9487727170887037,0.7190206416308894,
Higgs,2024,CART-v8-Fixed20,71.39999999999999,67.94666666666667,66.70133333333334,0.8416819525800647,0.9443374355868756,0.6586690452144511,
Higgs,2024,CART-v8-Dynamic,71.53333333333333,68.25333333333333,67.07733333333334,0.8424614198165125,0.9460129835267979,0.6508646137186133,
Higgs,2024,CART-v8-Dyn-30ep,70.94666666666667,67.70666666666668,66.47866666666667,0.8323404788459806,0.9422955868064288,0.6746169174385567,
Bank,42,CatBoost-on-DAE,89.50162194043055,88.80861102919494,87.82217634915955,0.8722685032383151,0.9567020674706401,0.6338058565015456,42.782195261906715
Bank,42,VAE-E2E,90.03243880861103,89.10350928929519,88.60513122972574,0.827943254394069,0.9434002362646328,0.4845600365536345,47.618657266989096
Bank,42,TabAE-E2E,89.54585667944559,88.7791212031849,88.5432025951047,0.9003227343117002,0.9697219607434893,0.6119588398526072,44.5364374129027
Bank,42,CART-v8-Fixed20,89.54585667944559,88.74963137717488,88.29401356531997,0.8987756178564399,0.9690964615375315,0.5390680711798919,69.65325026641528
Bank,42,CART-v8-Dynamic,89.84075493954585,88.94131524624005,88.61987614273075,0.9019389475909251,0.9703983175986467,0.5366322457652081,69.8417903106812
Bank,42,CART-v8-Dyn-30ep,89.50162194043055,88.95606015924507,88.61397817752876,0.8889206614603121,0.9655910854386099,0.5514570814324592,69.0548405607017
Bank,123,CatBoost-on-DAE,89.67856089649071,88.89708050722501,88.07726334414627,0.8698016925730251,0.9560848806782228,0.645831556750465,45.51386623164764
Bank,123,VAE-E2E,90.16514302565615,89.07401946328517,88.56679445591271,0.8245644341782165,0.9426437928867186,0.48292457065044936,47.09624796084829
Bank,123,TabAE-E2E,89.64907107048067,88.92657033323503,88.42671778236507,0.9000483457469813,0.9695295754045726,0.6232767474775066,43.1484502446982
Bank,123,CART-v8-Fixed20,89.59009141846063,89.20672368033028,88.29548805662046,0.899897693443791,0.9698208424116128,0.5296535302056925,70.10603588907016
Bank,123,CART-v8-Dynamic,89.63432615747567,88.97080507225007,88.69802418165733,0.9005705897960319,0.970201738315655,0.5296966546270157,70.75040783034258
Bank,123,CART-v8-Dyn-30ep,89.56060159245061,88.83810085520494,88.52255971689766,0.8950277935097896,0.9680487262734512,0.5478994130734745,69.74714518760196
Bank,2024,CatBoost-on-DAE,89.59009141846063,88.74963137717488,88.1141256266588,0.864415785970508,0.9545772808261164,0.6471546172291424,41.154791154791155
Bank,2024,VAE-E2E,89.82601002654084,88.89708050722501,88.62872309053375,0.8305838421167182,0.9444360683902664,0.4905978465618123,49.156429156429155
Bank,2024,TabAE-E2E,89.38366263639045,88.88233559422,88.58301386021824,0.8986446794969418,0.9689926478649932,0.6212616899760997,42.81736281736282
Bank,2024,CART-v8-Fixed20,89.53111176644057,88.89708050722501,88.60513122972574,0.8984791110995473,0.9692039322797575,0.5210356128233383,69.68058968058968
Bank,2024,CART-v8-Dynamic,89.57534650545563,88.91182542023002,88.66705986434681,0.9011982876450395,0.9702254174592506,0.5272393497062489,69.38574938574938
Bank,2024,CART-v8-Dyn-30ep,89.47213211442052,88.83810085520494,88.7776467118844,0.8891954625329215,0.9663537926333501,0.5433999563655898,68.54217854217855
Credit,42,CatBoost-on-DAE,80.86666666666666,80.04444444444444,79.8088888888889,0.8800101249679693,0.950697787619782,0.47299529493223413,
Credit,42,VAE-E2E,80.97777777777779,80.4888888888889,80.19111111111111,0.8511078518681712,0.9460890250709068,0.4179993611311113,
Credit,42,TabAE-E2E,81.86666666666666,81.24444444444444,80.77333333333334,0.9518446215202849,0.9838884070007996,0.4593413657709593,
Credit,42,CART-v8-Fixed20,81.37777777777778,80.64444444444445,80.37333333333333,0.9564683604908262,0.9858428664760918,0.39697084458899506,
Credit,42,CART-v8-Dynamic,81.77777777777779,81.22222222222221,80.73777777777778,0.965260024867505,0.9886590421203857,0.38987522107610145,
Credit,42,CART-v8-Dyn-30ep,81.95555555555556,80.84444444444443,80.70666666666666,0.9346479287372392,0.9777802334098852,0.42181077810234296,
Credit,123,CatBoost-on-DAE,81.08888888888889,80.11111111111111,79.76222222222222,0.8824175670512115,0.9516056048132799,0.47928337928114095,
Credit,123,VAE-E2E,81.24444444444444,80.28888888888889,80.07333333333334,0.8506965020231306,0.946314002160131,0.42604506411581783,
Credit,123,TabAE-E2E,81.4888888888889,80.55555555555556,80.09333333333333,0.9516159717385142,0.9836971995771914,0.4562260495218626,
Credit,123,CART-v8-Fixed20,81.77777777777779,81.24444444444444,80.8111111111111,0.9607367707278216,0.9873808162733191,0.4016492683780817,
Credit,123,CART-v8-Dynamic,81.86666666666666,80.91111111111111,80.63555555555556,0.9650368350924522,0.9888004794264021,0.40035313442670845,
Credit,123,CART-v8-Dyn-30ep,81.88888888888889,80.88888888888889,80.51111111111109,0.9377256792895674,0.9792871806254619,0.4222278995281865,
Credit,2024,CatBoost-on-DAE,80.95555555555556,80.2,79.66666666666667,0.8768461097947922,0.9501899436731689,0.46982577838236544,
Credit,2024,VAE-E2E,81.37777777777778,80.4888888888889,80.13333333333334,0.8478088769533951,0.9448576796737992,0.41754594304251086,
Credit,2024,TabAE-E2E,81.62222222222222,80.86666666666666,80.54666666666667,0.9491495031844266,0.9830022384309318,0.44475348633619616,
Credit,2024,CART-v8-Fixed20,81.42222222222222,81.13333333333334,80.56444444444443,0.9593557838231851,0.9865784066273448,0.3888020342733604,
Credit,2024,CART-v8-Dynamic,81.57777777777778,81.13333333333334,80.76666666666665,0.9579462216872965,0.9861641058815758,0.3990382715147605,
Credit,2024,CART-v8-Dyn-30ep,81.13333333333334,80.55555555555556,80.42888888888889,0.9432155085327586,0.9820758146906493,0.43452502648526375,
Churn,42,CatBoost-on-DAE,88.93333333333334,87.73333333333333,87.62666666666667,0.799031703529028,0.9255816344505159,0.7910834698637655,43.50758853288364
Churn,42,VAE-E2E,92.66666666666666,90.0,89.01333333333334,0.7587865059368027,0.9084017565187129,0.7498114467652376,48.90387858347386
Churn,42,TabAE-E2E,90.13333333333333,89.46666666666667,88.72,0.7929863087932604,0.924863211364547,0.8235660017029313,48.90387858347386
Churn,42,CART-v8-Fixed20,92.0,89.33333333333333,89.16000000000001,0.8193786160253096,0.9383530166022356,0.6281801964625839,68.12816188870153
Churn,42,CART-v8-Dynamic,92.93333333333334,90.66666666666666,89.58666666666667,0.7896689496373588,0.9254665921679819,0.5869893980420325,68.12816188870153
Churn,42,CART-v8-Dyn-30ep,86.93333333333332,86.93333333333332,86.93333333333332,0.7514578175477244,0.907743984662403,0.8359390384894757,68.46543001686341
Churn,123,CatBoost-on-DAE,89.86666666666666,87.2,87.88000000000001,0.7897371905179431,0.9211802853434937,0.7849290405377151,47.00996677740864
Churn,123,VAE-E2E,93.73333333333333,89.33333333333333,87.69333333333333,0.7420055618123713,0.9056518820731989,0.7233711962185376,49.16943521594684
Churn,123,TabAE-E2E,90.8,89.46666666666667,89.0,0.762187593955227,0.9135166767827566,0.8860159900700935,50.83056478405316
Churn,123,CART-v8-Fixed20,91.46666666666667,90.0,89.57333333333332,0.7910943449795496,0.927616180936184,0.6407780545995513,69.76744186046511
Churn,123,CART-v8-Dynamic,92.4,91.06666666666666,90.28,0.7970091705919073,0.9303085358190223,0.6122792777917906,69.93355481727575
Churn,123,CART-v8-Dyn-30ep,86.93333333333332,86.93333333333332,86.96,0.7608909696920942,0.9123696539681465,0.8221575818835626,70.265780730897
Churn,2024,CatBoost-on-DAE,90.26666666666667,86.93333333333332,87.17333333333332,0.7869925789012882,0.9167763913842174,0.8031717852335377,47.48427672955975
Churn,2024,VAE-E2E,92.53333333333333,88.4,88.73333333333333,0.7414464855925,0.9007221269221658,0.725813045643227,49.056603773584904
Churn,2024,TabAE-E2E,87.06666666666666,87.2,87.13333333333334,0.7662256516057984,0.9136021382514279,0.904579810435774,49.528301886792455
Churn,2024,CART-v8-Fixed20,91.73333333333333,89.46666666666667,88.61333333333333,0.7859816952140819,0.923507815687947,0.802581963220708,66.66666666666666
Churn,2024,CART-v8-Dynamic,92.93333333333334,89.46666666666667,89.82666666666667,0.7786572476191216,0.9193919176611874,0.6144139603554268,67.13836477987421
Churn,2024,CART-v8-Dyn-30ep,87.6,86.93333333333332,87.46666666666667,0.7424612539269133,0.9010962701336347,0.7890939484523135,67.45283018867924
Diabetes,42,CatBoost-on-DAE,78.44827586206897,76.72413793103449,72.93103448275862,0.7762247191011237,0.9054401314178557,0.8329493490497718,
Diabetes,42,VAE-E2E,76.72413793103449,66.37931034482759,71.4655172413793,0.7438951310861422,0.8884629930269724,0.6657237792282962,
Diabetes,42,TabAE-E2E,77.58620689655173,71.55172413793103,71.63793103448276,0.6817902621722847,0.8618373628014028,1.026378760177098,
Diabetes,42,CART-v8-Fixed20,74.13793103448276,71.55172413793103,69.6551724137931,0.7652659176029961,0.9256127814318766,0.7221255356006409,
Diabetes,42,CART-v8-Dynamic,75.86206896551724,71.55172413793103,71.20689655172414,0.6681722846441946,0.8615186537180355,0.7391352278462956,
Diabetes,42,CART-v8-Dyn-30ep,65.51724137931035,65.51724137931035,65.51724137931035,0.5960449438202247,0.8316029383145112,0.7471945259008514,
Diabetes,123,CatBoost-on-DAE,75.0,75.86206896551724,70.43103448275862,0.7704395604395604,0.896433738010627,0.8281761169433594,
Diabetes,123,VAE-E2E,75.86206896551724,74.13793103448276,70.00000000000001,0.7766689560439561,0.8964136081967309,0.7449722290039062,
Diabetes,123,TabAE-E2E,75.0,75.86206896551724,71.98275862068965,0.7346153846153847,0.8699332807154556,0.9880221557617187,
Diabetes,123,CART-v8-Fixed20,77.58620689655173,73.27586206896551,71.63793103448276,0.7895192307692308,0.9148827541279367,0.8324232482910157,
Diabetes,123,CART-v8-Dynamic,75.0,74.13793103448276,70.25862068965517,0.7412362637362637,0.8835456059213487,0.8542831420898438,
Diabetes,123,CART-v8-Dyn-30ep,60.3448275862069,61.206896551724135,60.86206896551724,0.5802678571428572,0.8219120542727947,0.9023886871337891,
Diabetes,2024,CatBoost-on-DAE,75.0,75.86206896551724,70.60344827586206,0.7595456531236348,0.9132884370100471,0.8400782729640152,
Diabetes,2024,VAE-E2E,74.13793103448276,75.86206896551724,71.98275862068965,0.7722546566583264,0.9078421354849073,0.7578234123461174,
Diabetes,2024,TabAE-E2E,77.58620689655173,73.27586206896551,71.81034482758619,0.7372254656658326,0.897181212843197,0.9924636378432765,
Diabetes,2024,CART-v8-Fixed20,77.58620689655173,79.3103448275862,72.75862068965517,0.742475872751102,0.8969837093107036,0.8741105513139205,
Diabetes,2024,CART-v8-Dynamic,81.03448275862068,76.72413793103449,74.05172413793105,0.7612613686008182,0.9182922186602969,0.9022672710996685,
Diabetes,2024,CART-v8-Dyn-30ep,75.86206896551724,72.41379310344827,71.1206896551724,0.6015489098057906,0.8414997516621573,0.9161634040601325,
Magic,42,CatBoost-on-DAE,85.10339992989834,80.02103049421662,78.68559411146163,0.8476389957411012,0.934901751531031,0.5126038426211971,
Magic,42,VAE-E2E,86.78583946722748,81.63336838415702,80.1086575534525,0.8358611130088723,0.9327286132100618,0.4477837289104238,
Magic,42,TabAE-E2E,85.97967052225727,81.14265685243603,79.75464423413949,0.8795355506876156,0.9545841930139829,0.5129563623436029,
Magic,42,CART-v8-Fixed20,85.17350157728707,81.94882579740624,80.33999298983528,0.8694970343075866,0.9508766214791614,0.4843533479680863,
Magic,42,CART-v8-Dynamic,85.62916228531371,82.5446898002103,80.78163336838415,0.8775427017592167,0.9536532521396289,0.4710938083998145,
Magic,42,CART-v8-Dyn-30ep,84.89309498773221,81.63336838415702,79.98247458815283,0.8428300340647576,0.938306850035486,0.5056586720768469,
Magic,123,CatBoost-on-DAE,85.24360322467578,80.26638626007711,78.71363477041712,0.8461813912925661,0.9332453436628647,0.5113800924726412,
Magic,123,VAE-E2E,86.78583946722748,81.66841920785139,79.97896950578338,0.8361024297927728,0.9321891827654967,0.4531192145315884,
Magic,123,TabAE-E2E,85.20855240098142,80.7570977917981,79.60392569225377,0.876056971239165,0.9526352005926191,0.528676017998898,
Magic,123,CART-v8-Fixed20,84.40238345601122,81.7385208552401,79.72309849281459,0.8731335365856652,0.9525751160369782,0.4688727245657937,
Magic,123,CART-v8-Dynamic,87.03119523308797,83.0354013319313,80.56431826147914,0.8762983369627809,0.9537772238853724,0.47349263405858283,
Magic,123,CART-v8-Dyn-30ep,84.75289169295478,81.21275849982474,79.47423764458465,0.8529556819487188,0.9437161943631736,0.49009862545281807,
Magic,2024,CatBoost-on-DAE,84.61268839817735,79.84577637574482,78.06519453207149,0.8466946099458494,0.9348095506118108,0.5063432473715813,
Magic,2024,VAE-E2E,86.33017875920083,80.82719943918683,78.98352611286364,0.8268730937461146,0.930216231681871,0.45942632843386566,
Magic,2024,TabAE-E2E,86.15492464072906,81.10760602874167,79.35506484402384,0.8713260851232055,0.9514592127872584,0.5243641723101033,
Magic,2024,CART-v8-Fixed20,86.04977216964599,82.22923238696109,79.95092884682789,0.8665627985871877,0.9508089968610987,0.46553967246629435,
Magic,2024,CART-v8-Dynamic,86.71573781983876,83.00035050823695,80.45566070802664,0.8730564935498026,0.9535809883590303,0.47807040289150365,
Magic,2024,CART-v8-Dyn-30ep,85.20855240098142,81.03750438135296,79.4707325622152,0.840698487845495,0.9381514484318871,0.5078797754149349,
